<?xml version="1.0" encoding="UTF-8" standalone="yes"?>
<addon id="plugin.video.janlul" name="Dutch Sports Streams" version="1.2.0" provider-name="vDia Internet Applications">
	<requires>
		<import addon="plugin.video.veetle" version="0.2.5" optional="false"/>
		<import addon="plugin.video.p2p-streams" version="1.1" optional="false"/>
	</requires>
	<extension point="xbmc.python.pluginsource" library="default.py">
		<provides>video</provides>
	</extension>
	<extension  point="xbmc.addon.metadata">
		<platform>all</platform>
		<source>http://github.com/vdianl/plugin.video.janlul</source>
		<summary lang="nl">Bekijk de streams van Nederlandse Sport Streamproviders op uw XBMC / Kodi.</summary>
		<description lang="nl">Met deze plugin is het mogelijk om streams van Nederlandse stream providers te bekijken.[CR]Let op: Veetle dient te zijn geinstalleerd.</description>
		<summary lang="en">Watch the streams of Dutch Sports Stream providers on your XBMC / Kodi.</summary>
		<description lang="en">This plugin enables you to play Dutch Sports Streams on you XBMC / Kodi.</description>
		<disclaimer>Develop with me on GitHub.com. http://www.github.com/vdianl/plugin.video.janlul</disclaimer>
		<language></language>
		<platform>all</platform>
	</extension>
</addon>
