<?xml version="1.0" encoding="UTF-8" standalone="yes"?>
<addon id="repository.janlul" name="Dutch Sports Stream Repo" version="1.0.0" provider-name="vDia Internet Applications">
	<extension point="xbmc.addon.repository" name="Dutch Sports Stream Repository">
		<info compressed="true">http://repo.dooremolen.com/addons/addons.xml</info>
		<checksum>http://repo.dooremolen.com/addons/addons.xml.md5</checksum>
		<datadir zip="true">http://repo.dooremolen.com/addons/repo</datadir>
	</extension>
	<extension point="xbmc.addon.metadata">
		<summary>Official Dutch Sports Stream Addons</summary>
		<description>Download and install addons from Dutch Sports Stream</description>
		<platform>all</platform>
	</extension>
</addon>

